<?xml version="1.0" encoding="UTF-8"?>
<beans xmlns="http://www.springframework.org/schema/beans"
	xmlns:xsi="http://www.w3.org/2001/XMLSchema-instance"
	xmlns:context="http://www.springframework.org/schema/context"
	xmlns:mvc="http://www.springframework.org/schema/mvc"
	xsi:schemaLocation="http://www.springframework.org/schema/beans http://www.springframework.org/schema/beans/spring-beans.xsd
		http://www.springframework.org/schema/context http://www.springframework.org/schema/context/spring-context-4.3.xsd
		http://www.springframework.org/schema/mvc http://www.springframework.org/schema/mvc/spring-mvc-4.3.xsd">
	
	<!--웹과 관련있는 환경설정  -->
   
   <bean id="viewResolver" class="org.springframework.web.servlet.view.InternalResourceViewResolver">
      <property name="suffix" value=".jsp"/>
   </bean>
   
   <context:component-scan base-package="communityboard.controller"/>
   
   <!-- <context:component-scan base-package="handler"/> -->
   

   
   <mvc:resources location="/img/" mapping="/img/**"/>
   <mvc:resources location="/css/" mapping="/css/**"/>
   
   <mvc:annotation-driven/>



</beans>
